{
  "name": "dispatcher-portal",
  "image": "mcr.microsoft.com/devcontainers/javascript-node:22",
  "features": {
    "ghcr.io/devcontainers/features/docker-in-docker:2": {}
  },
  "postCreateCommand": "corepack enable && pnpm i",
  "forwardPorts": [3000, 4000, 5432, 6379, 19000, 19001, 19002],
  "customizations": {
    "vscode": {
      "extensions": [
        "dbaeumer.vscode-eslint",
        "esbenp.prettier-vscode",
        "bradlc.vscode-tailwindcss",
        "Prisma.prisma",
        "msjsdiag.vscode-react-native"
      ],
      "settings": {
        "editor.formatOnSave": true
      }
    }
  }
}
